INSERT INTO `iiht`.`user` (`id`,`firstname`,`lastname`,`midname`,`email`,`password`,`created`,`updated`) VALUES (1,'Rahul','Agarwal',NULL,'test0@test.mail','$2a$10$pTTWzHTKJRAeNKc0Tt1xXORGUgemZehEWAAUbLdA.m1gG6XEYXqxu','2018-07-19 19:01:07','2018-07-19 18:59:42');
INSERT INTO `iiht`.`user` (`id`,`firstname`,`lastname`,`midname`,`email`,`password`,`created`,`updated`) VALUES (2,'Cory','Adams',NULL,'test1@test.mail','$2a$10$WLWiKnnoq1Ke1BCZ7r8x6.0TGq7HpMg2ONTUbr98P4R3Msi/Xlay6','2018-07-19 19:03:43','2018-07-19 19:01:07');
INSERT INTO `iiht`.`user` (`id`,`firstname`,`lastname`,`midname`,`email`,`password`,`created`,`updated`) VALUES (3,'Rose','Dawn',NULL,'test2@test.mail','$2a$10$B7p/ChVsB93wWR2vneFFv.oe1jGqdCBXK56PcuoZ31I7xODcfXade','2018-07-19 19:03:43','2018-07-19 19:01:07');
INSERT INTO `iiht`.`user` (`id`,`firstname`,`lastname`,`midname`,`email`,`password`,`created`,`updated`) VALUES (4,'Ricky','Oyster',NULL,'test3@test.mail','$2a$10$n31/xko8Hfj6l6UFqVN9oO3.SBcmkyZktpKUpgio//KLjWkGCPBXO','2018-07-19 19:03:43','2018-07-19 19:01:07');
INSERT INTO `iiht`.`user` (`id`,`firstname`,`lastname`,`midname`,`email`,`password`,`created`,`updated`) VALUES (5,'Chad','Perkins',NULL,'test4@test.mail','$2a$10$W0gjnUU.FTWWXul97ZMKlOkI7R4PWl9rmCRnXlNGR5oAjiWlF7SCO','2018-07-19 19:03:43','2018-07-19 19:01:07');
INSERT INTO `iiht`.`user` (`id`,`firstname`,`lastname`,`midname`,`email`,`password`,`created`,`updated`) VALUES (6,'Sam','Richards',NULL,'test5@test.mail','$2a$10$YccVvkQKRc3HivpDIM8WP.P5evQUvg3ONC2auU8GiGsUPD2hMpME.','2018-07-19 19:03:43','2018-07-19 19:01:07');
INSERT INTO `iiht`.`user` (`id`,`firstname`,`lastname`,`midname`,`email`,`password`,`created`,`updated`) VALUES (7,'Chan','Li',NULL,'test6@test.mail','$2a$10$qXTQ/68XPyZmFdXu3ZwP0eNtAKW68npzrie0kGLkk8nJrnrsdhRRC','2018-07-19 19:03:43','2018-07-19 19:01:07');
INSERT INTO `iiht`.`user` (`id`,`firstname`,`lastname`,`midname`,`email`,`password`,`created`,`updated`) VALUES (8,'Moses','Brown',NULL,'test7@test.mail','$2a$10$cBSskb7NDPuVM.qgT2bJueI3ZoGZETM12BEfUW21ySWdDfZThZc4O','2018-07-19 19:03:43','2018-07-19 19:01:07');
INSERT INTO `iiht`.`user` (`id`,`firstname`,`lastname`,`midname`,`email`,`password`,`created`,`updated`) VALUES (9,'Mika','Kohel',NULL,'test8@test.mail','$2a$10$sL6utj2GnC7c2nQODDSNXe6p/OwqHVr7YxvYCIIHvJVEElWJXFe0a','2018-07-19 19:03:43','2018-07-19 19:01:07');
COMMIT;

INSERT INTO `iiht`.`category` (`id`,`userid`,`category`,`created`,`updated`) VALUES (1,1,'Yoga','2018-07-19 19:01:07','2018-07-19 19:01:07');
INSERT INTO `iiht`.`category` (`id`,`userid`,`category`,`created`,`updated`) VALUES (2,1,'Walking','2018-07-19 19:01:07','2018-07-19 19:01:07');
INSERT INTO `iiht`.`category` (`id`,`userid`,`category`,`created`,`updated`) VALUES (3,1,'Jogging','2018-07-19 19:01:07','2018-07-19 19:01:07');
INSERT INTO `iiht`.`category` (`id`,`userid`,`category`,`created`,`updated`) VALUES (4,1,'Sprinting','2018-07-19 19:01:07','2018-07-19 19:01:07');
INSERT INTO `iiht`.`category` (`id`,`userid`,`category`,`created`,`updated`) VALUES (5,1,'Swimming','2018-07-19 19:01:07','2018-07-19 19:01:07');
INSERT INTO `iiht`.`category` (`id`,`userid`,`category`,`created`,`updated`) VALUES (6,1,'Marathon','2018-07-19 19:01:07','2018-07-19 19:01:07');
INSERT INTO `iiht`.`category` (`id`,`userid`,`category`,`created`,`updated`) VALUES (7,1,'Cycling','2018-07-19 19:01:07','2018-07-19 19:01:07');
INSERT INTO `iiht`.`category` (`id`,`userid`,`category`,`created`,`updated`) VALUES (8,1,'Rafting','2018-07-19 19:01:07','2018-07-19 19:01:07');
INSERT INTO `iiht`.`category` (`id`,`userid`,`category`,`created`,`updated`) VALUES (9,1,'Push-up','2018-07-19 19:01:07','2018-07-19 19:01:07');
INSERT INTO `iiht`.`category` (`id`,`userid`,`category`,`created`,`updated`) VALUES (10,1,'Crunches','2018-07-19 19:01:07','2018-07-19 19:01:07');
INSERT INTO `iiht`.`category` (`id`,`userid`,`category`,`created`,`updated`) VALUES (11,1,'Supermans','2018-07-19 19:01:07','2018-07-19 19:01:07');
INSERT INTO `iiht`.`category` (`id`,`userid`,`category`,`created`,`updated`) VALUES (12,1,'Squatting','2018-07-19 19:01:07','2018-07-19 19:01:07');
INSERT INTO `iiht`.`category` (`id`,`userid`,`category`,`created`,`updated`) VALUES (13,1,'Lunges','2018-07-19 19:01:07','2018-07-19 19:01:07');
INSERT INTO `iiht`.`category` (`id`,`userid`,`category`,`created`,`updated`) VALUES (14,1,'Sit-up','2018-07-19 19:01:07','2018-07-19 19:01:07');
INSERT INTO `iiht`.`category` (`id`,`userid`,`category`,`created`,`updated`) VALUES (15,2,'Yoga','2018-07-19 19:01:07','2018-07-19 19:01:07');
INSERT INTO `iiht`.`category` (`id`,`userid`,`category`,`created`,`updated`) VALUES (16,2,'Walking','2018-07-19 19:01:07','2018-07-19 19:01:07');
INSERT INTO `iiht`.`category` (`id`,`userid`,`category`,`created`,`updated`) VALUES (17,2,'Jogging','2018-07-19 19:01:07','2018-07-19 19:01:07');
INSERT INTO `iiht`.`category` (`id`,`userid`,`category`,`created`,`updated`) VALUES (18,2,'Sprinting','2018-07-19 19:01:07','2018-07-19 19:01:07');
INSERT INTO `iiht`.`category` (`id`,`userid`,`category`,`created`,`updated`) VALUES (19,2,'Swimming','2018-07-19 19:01:07','2018-07-19 19:01:07');
INSERT INTO `iiht`.`category` (`id`,`userid`,`category`,`created`,`updated`) VALUES (20,2,'Marathon','2018-07-19 19:01:07','2018-07-19 19:01:07');
INSERT INTO `iiht`.`category` (`id`,`userid`,`category`,`created`,`updated`) VALUES (21,2,'Cycling','2018-07-19 19:01:07','2018-07-19 19:01:07');
INSERT INTO `iiht`.`category` (`id`,`userid`,`category`,`created`,`updated`) VALUES (22,2,'Rafting','2018-07-19 19:01:07','2018-07-19 19:01:07');
INSERT INTO `iiht`.`category` (`id`,`userid`,`category`,`created`,`updated`) VALUES (23,2,'Push-up','2018-07-19 19:01:07','2018-07-19 19:01:07');
INSERT INTO `iiht`.`category` (`id`,`userid`,`category`,`created`,`updated`) VALUES (24,2,'Crunches','2018-07-19 19:01:07','2018-07-19 19:01:07');
INSERT INTO `iiht`.`category` (`id`,`userid`,`category`,`created`,`updated`) VALUES (25,2,'Supermans','2018-07-19 19:01:07','2018-07-19 19:01:07');
INSERT INTO `iiht`.`category` (`id`,`userid`,`category`,`created`,`updated`) VALUES (26,2,'Squatting','2018-07-19 19:01:07','2018-07-19 19:01:07');
INSERT INTO `iiht`.`category` (`id`,`userid`,`category`,`created`,`updated`) VALUES (27,2,'Lunges','2018-07-19 19:01:07','2018-07-19 19:01:07');
INSERT INTO `iiht`.`category` (`id`,`userid`,`category`,`created`,`updated`) VALUES (28,2,'Sit-up','2018-07-19 19:01:07','2018-07-19 19:01:07');
INSERT INTO `iiht`.`category` (`id`,`userid`,`category`,`created`,`updated`) VALUES (29,3,'Yoga','2018-07-19 19:01:07','2018-07-19 19:01:07');
INSERT INTO `iiht`.`category` (`id`,`userid`,`category`,`created`,`updated`) VALUES (30,3,'Walking','2018-07-19 19:01:07','2018-07-19 19:01:07');
INSERT INTO `iiht`.`category` (`id`,`userid`,`category`,`created`,`updated`) VALUES (31,3,'Jogging','2018-07-19 19:01:07','2018-07-19 19:01:07');
INSERT INTO `iiht`.`category` (`id`,`userid`,`category`,`created`,`updated`) VALUES (32,3,'Sprinting','2018-07-19 19:01:07','2018-07-19 19:01:07');
INSERT INTO `iiht`.`category` (`id`,`userid`,`category`,`created`,`updated`) VALUES (33,3,'Swimming','2018-07-19 19:01:07','2018-07-19 19:01:07');
INSERT INTO `iiht`.`category` (`id`,`userid`,`category`,`created`,`updated`) VALUES (34,3,'Marathon','2018-07-19 19:01:07','2018-07-19 19:01:07');
INSERT INTO `iiht`.`category` (`id`,`userid`,`category`,`created`,`updated`) VALUES (35,3,'Cycling','2018-07-19 19:01:07','2018-07-19 19:01:07');
INSERT INTO `iiht`.`category` (`id`,`userid`,`category`,`created`,`updated`) VALUES (36,3,'Rafting','2018-07-19 19:01:07','2018-07-19 19:01:07');
INSERT INTO `iiht`.`category` (`id`,`userid`,`category`,`created`,`updated`) VALUES (37,3,'Push-up','2018-07-19 19:01:07','2018-07-19 19:01:07');
INSERT INTO `iiht`.`category` (`id`,`userid`,`category`,`created`,`updated`) VALUES (38,3,'Crunches','2018-07-19 19:01:07','2018-07-19 19:01:07');
INSERT INTO `iiht`.`category` (`id`,`userid`,`category`,`created`,`updated`) VALUES (39,3,'Supermans','2018-07-19 19:01:07','2018-07-19 19:01:07');
INSERT INTO `iiht`.`category` (`id`,`userid`,`category`,`created`,`updated`) VALUES (40,3,'Squatting','2018-07-19 19:01:07','2018-07-19 19:01:07');
INSERT INTO `iiht`.`category` (`id`,`userid`,`category`,`created`,`updated`) VALUES (41,3,'Lunges','2018-07-19 19:01:07','2018-07-19 19:01:07');
INSERT INTO `iiht`.`category` (`id`,`userid`,`category`,`created`,`updated`) VALUES (42,3,'Sit-up','2018-07-19 19:01:07','2018-07-19 19:01:07');
INSERT INTO `iiht`.`category` (`id`,`userid`,`category`,`created`,`updated`) VALUES (43,4,'Yoga','2018-07-19 19:01:07','2018-07-19 19:01:07');
INSERT INTO `iiht`.`category` (`id`,`userid`,`category`,`created`,`updated`) VALUES (44,4,'Walking','2018-07-19 19:01:07','2018-07-19 19:01:07');
INSERT INTO `iiht`.`category` (`id`,`userid`,`category`,`created`,`updated`) VALUES (45,4,'Jogging','2018-07-19 19:01:07','2018-07-19 19:01:07');
INSERT INTO `iiht`.`category` (`id`,`userid`,`category`,`created`,`updated`) VALUES (46,4,'Sprinting','2018-07-19 19:01:07','2018-07-19 19:01:07');
INSERT INTO `iiht`.`category` (`id`,`userid`,`category`,`created`,`updated`) VALUES (47,4,'Swimming','2018-07-19 19:01:07','2018-07-19 19:01:07');
INSERT INTO `iiht`.`category` (`id`,`userid`,`category`,`created`,`updated`) VALUES (48,4,'Marathon','2018-07-19 19:01:07','2018-07-19 19:01:07');
INSERT INTO `iiht`.`category` (`id`,`userid`,`category`,`created`,`updated`) VALUES (49,4,'Cycling','2018-07-19 19:01:07','2018-07-19 19:01:07');
INSERT INTO `iiht`.`category` (`id`,`userid`,`category`,`created`,`updated`) VALUES (50,4,'Rafting','2018-07-19 19:01:07','2018-07-19 19:01:07');
INSERT INTO `iiht`.`category` (`id`,`userid`,`category`,`created`,`updated`) VALUES (51,4,'Push-up','2018-07-19 19:01:07','2018-07-19 19:01:07');
INSERT INTO `iiht`.`category` (`id`,`userid`,`category`,`created`,`updated`) VALUES (52,4,'Crunches','2018-07-19 19:01:07','2018-07-19 19:01:07');
INSERT INTO `iiht`.`category` (`id`,`userid`,`category`,`created`,`updated`) VALUES (53,4,'Supermans','2018-07-19 19:01:07','2018-07-19 19:01:07');
INSERT INTO `iiht`.`category` (`id`,`userid`,`category`,`created`,`updated`) VALUES (54,4,'Squatting','2018-07-19 19:01:07','2018-07-19 19:01:07');
INSERT INTO `iiht`.`category` (`id`,`userid`,`category`,`created`,`updated`) VALUES (55,4,'Lunges','2018-07-19 19:01:07','2018-07-19 19:01:07');
INSERT INTO `iiht`.`category` (`id`,`userid`,`category`,`created`,`updated`) VALUES (56,4,'Sit-up','2018-07-19 19:01:07','2018-07-19 19:01:07');
INSERT INTO `iiht`.`category` (`id`,`userid`,`category`,`created`,`updated`) VALUES (57,5,'Yoga','2018-07-19 19:01:07','2018-07-19 19:01:07');
INSERT INTO `iiht`.`category` (`id`,`userid`,`category`,`created`,`updated`) VALUES (58,5,'Walking','2018-07-19 19:01:07','2018-07-19 19:01:07');
INSERT INTO `iiht`.`category` (`id`,`userid`,`category`,`created`,`updated`) VALUES (59,5,'Jogging','2018-07-19 19:01:07','2018-07-19 19:01:07');
INSERT INTO `iiht`.`category` (`id`,`userid`,`category`,`created`,`updated`) VALUES (60,5,'Sprinting','2018-07-19 19:01:07','2018-07-19 19:01:07');
INSERT INTO `iiht`.`category` (`id`,`userid`,`category`,`created`,`updated`) VALUES (61,5,'Swimming','2018-07-19 19:01:07','2018-07-19 19:01:07');
INSERT INTO `iiht`.`category` (`id`,`userid`,`category`,`created`,`updated`) VALUES (62,5,'Marathon','2018-07-19 19:01:07','2018-07-19 19:01:07');
INSERT INTO `iiht`.`category` (`id`,`userid`,`category`,`created`,`updated`) VALUES (63,5,'Cycling','2018-07-19 19:01:07','2018-07-19 19:01:07');
INSERT INTO `iiht`.`category` (`id`,`userid`,`category`,`created`,`updated`) VALUES (64,5,'Rafting','2018-07-19 19:01:07','2018-07-19 19:01:07');
INSERT INTO `iiht`.`category` (`id`,`userid`,`category`,`created`,`updated`) VALUES (65,5,'Push-up','2018-07-19 19:01:07','2018-07-19 19:01:07');
INSERT INTO `iiht`.`category` (`id`,`userid`,`category`,`created`,`updated`) VALUES (66,5,'Crunches','2018-07-19 19:01:07','2018-07-19 19:01:07');
INSERT INTO `iiht`.`category` (`id`,`userid`,`category`,`created`,`updated`) VALUES (67,5,'Supermans','2018-07-19 19:01:07','2018-07-19 19:01:07');
INSERT INTO `iiht`.`category` (`id`,`userid`,`category`,`created`,`updated`) VALUES (68,5,'Squatting','2018-07-19 19:01:07','2018-07-19 19:01:07');
INSERT INTO `iiht`.`category` (`id`,`userid`,`category`,`created`,`updated`) VALUES (69,5,'Lunges','2018-07-19 19:01:07','2018-07-19 19:01:07');
INSERT INTO `iiht`.`category` (`id`,`userid`,`category`,`created`,`updated`) VALUES (70,5,'Sit-up','2018-07-19 19:01:07','2018-07-19 19:01:07');
INSERT INTO `iiht`.`category` (`id`,`userid`,`category`,`created`,`updated`) VALUES (71,6,'Yoga','2018-07-19 19:01:07','2018-07-19 19:01:07');
INSERT INTO `iiht`.`category` (`id`,`userid`,`category`,`created`,`updated`) VALUES (72,6,'Walking','2018-07-19 19:01:07','2018-07-19 19:01:07');
INSERT INTO `iiht`.`category` (`id`,`userid`,`category`,`created`,`updated`) VALUES (73,6,'Jogging','2018-07-19 19:01:07','2018-07-19 19:01:07');
INSERT INTO `iiht`.`category` (`id`,`userid`,`category`,`created`,`updated`) VALUES (74,6,'Sprinting','2018-07-19 19:01:07','2018-07-19 19:01:07');
INSERT INTO `iiht`.`category` (`id`,`userid`,`category`,`created`,`updated`) VALUES (75,6,'Swimming','2018-07-19 19:01:07','2018-07-19 19:01:07');
INSERT INTO `iiht`.`category` (`id`,`userid`,`category`,`created`,`updated`) VALUES (76,6,'Marathon','2018-07-19 19:01:07','2018-07-19 19:01:07');
INSERT INTO `iiht`.`category` (`id`,`userid`,`category`,`created`,`updated`) VALUES (77,6,'Cycling','2018-07-19 19:01:07','2018-07-19 19:01:07');
INSERT INTO `iiht`.`category` (`id`,`userid`,`category`,`created`,`updated`) VALUES (78,6,'Rafting','2018-07-19 19:01:07','2018-07-19 19:01:07');
INSERT INTO `iiht`.`category` (`id`,`userid`,`category`,`created`,`updated`) VALUES (79,6,'Push-up','2018-07-19 19:01:07','2018-07-19 19:01:07');
INSERT INTO `iiht`.`category` (`id`,`userid`,`category`,`created`,`updated`) VALUES (80,6,'Crunches','2018-07-19 19:01:07','2018-07-19 19:01:07');
INSERT INTO `iiht`.`category` (`id`,`userid`,`category`,`created`,`updated`) VALUES (81,6,'Supermans','2018-07-19 19:01:07','2018-07-19 19:01:07');
INSERT INTO `iiht`.`category` (`id`,`userid`,`category`,`created`,`updated`) VALUES (82,6,'Squatting','2018-07-19 19:01:07','2018-07-19 19:01:07');
INSERT INTO `iiht`.`category` (`id`,`userid`,`category`,`created`,`updated`) VALUES (83,6,'Lunges','2018-07-19 19:01:07','2018-07-19 19:01:07');
INSERT INTO `iiht`.`category` (`id`,`userid`,`category`,`created`,`updated`) VALUES (84,6,'Sit-up','2018-07-19 19:01:07','2018-07-19 19:01:07');
INSERT INTO `iiht`.`category` (`id`,`userid`,`category`,`created`,`updated`) VALUES (85,7,'Yoga','2018-07-19 19:01:07','2018-07-19 19:01:07');
INSERT INTO `iiht`.`category` (`id`,`userid`,`category`,`created`,`updated`) VALUES (86,7,'Walking','2018-07-19 19:01:07','2018-07-19 19:01:07');
INSERT INTO `iiht`.`category` (`id`,`userid`,`category`,`created`,`updated`) VALUES (87,7,'Jogging','2018-07-19 19:01:07','2018-07-19 19:01:07');
INSERT INTO `iiht`.`category` (`id`,`userid`,`category`,`created`,`updated`) VALUES (88,7,'Sprinting','2018-07-19 19:01:07','2018-07-19 19:01:07');
INSERT INTO `iiht`.`category` (`id`,`userid`,`category`,`created`,`updated`) VALUES (89,7,'Swimming','2018-07-19 19:01:07','2018-07-19 19:01:07');
INSERT INTO `iiht`.`category` (`id`,`userid`,`category`,`created`,`updated`) VALUES (90,7,'Marathon','2018-07-19 19:01:07','2018-07-19 19:01:07');
INSERT INTO `iiht`.`category` (`id`,`userid`,`category`,`created`,`updated`) VALUES (91,7,'Cycling','2018-07-19 19:01:07','2018-07-19 19:01:07');
INSERT INTO `iiht`.`category` (`id`,`userid`,`category`,`created`,`updated`) VALUES (92,7,'Rafting','2018-07-19 19:01:07','2018-07-19 19:01:07');
INSERT INTO `iiht`.`category` (`id`,`userid`,`category`,`created`,`updated`) VALUES (93,7,'Push-up','2018-07-19 19:01:07','2018-07-19 19:01:07');
INSERT INTO `iiht`.`category` (`id`,`userid`,`category`,`created`,`updated`) VALUES (94,7,'Crunches','2018-07-19 19:01:07','2018-07-19 19:01:07');
INSERT INTO `iiht`.`category` (`id`,`userid`,`category`,`created`,`updated`) VALUES (95,7,'Supermans','2018-07-19 19:01:07','2018-07-19 19:01:07');
INSERT INTO `iiht`.`category` (`id`,`userid`,`category`,`created`,`updated`) VALUES (96,7,'Squatting','2018-07-19 19:01:07','2018-07-19 19:01:07');
INSERT INTO `iiht`.`category` (`id`,`userid`,`category`,`created`,`updated`) VALUES (97,7,'Lunges','2018-07-19 19:01:07','2018-07-19 19:01:07');
INSERT INTO `iiht`.`category` (`id`,`userid`,`category`,`created`,`updated`) VALUES (98,7,'Sit-up','2018-07-19 19:01:07','2018-07-19 19:01:07');
INSERT INTO `iiht`.`category` (`id`,`userid`,`category`,`created`,`updated`) VALUES (99,8,'Yoga','2018-07-19 19:01:07','2018-07-19 19:01:07');
INSERT INTO `iiht`.`category` (`id`,`userid`,`category`,`created`,`updated`) VALUES (100,8,'Walking','2018-07-19 19:01:07','2018-07-19 19:01:07');
INSERT INTO `iiht`.`category` (`id`,`userid`,`category`,`created`,`updated`) VALUES (101,8,'Jogging','2018-07-19 19:01:07','2018-07-19 19:01:07');
INSERT INTO `iiht`.`category` (`id`,`userid`,`category`,`created`,`updated`) VALUES (102,8,'Sprinting','2018-07-19 19:01:07','2018-07-19 19:01:07');
INSERT INTO `iiht`.`category` (`id`,`userid`,`category`,`created`,`updated`) VALUES (103,8,'Swimming','2018-07-19 19:01:07','2018-07-19 19:01:07');
INSERT INTO `iiht`.`category` (`id`,`userid`,`category`,`created`,`updated`) VALUES (104,8,'Marathon','2018-07-19 19:01:07','2018-07-19 19:01:07');
INSERT INTO `iiht`.`category` (`id`,`userid`,`category`,`created`,`updated`) VALUES (105,8,'Cycling','2018-07-19 19:01:07','2018-07-19 19:01:07');
INSERT INTO `iiht`.`category` (`id`,`userid`,`category`,`created`,`updated`) VALUES (106,8,'Rafting','2018-07-19 19:01:07','2018-07-19 19:01:07');
INSERT INTO `iiht`.`category` (`id`,`userid`,`category`,`created`,`updated`) VALUES (107,8,'Push-up','2018-07-19 19:01:07','2018-07-19 19:01:07');
INSERT INTO `iiht`.`category` (`id`,`userid`,`category`,`created`,`updated`) VALUES (108,8,'Crunches','2018-07-19 19:01:07','2018-07-19 19:01:07');
INSERT INTO `iiht`.`category` (`id`,`userid`,`category`,`created`,`updated`) VALUES (109,8,'Supermans','2018-07-19 19:01:07','2018-07-19 19:01:07');
INSERT INTO `iiht`.`category` (`id`,`userid`,`category`,`created`,`updated`) VALUES (110,8,'Squatting','2018-07-19 19:01:07','2018-07-19 19:01:07');
INSERT INTO `iiht`.`category` (`id`,`userid`,`category`,`created`,`updated`) VALUES (111,8,'Lunges','2018-07-19 19:01:07','2018-07-19 19:01:07');
INSERT INTO `iiht`.`category` (`id`,`userid`,`category`,`created`,`updated`) VALUES (112,8,'Sit-up','2018-07-19 19:01:07','2018-07-19 19:01:07');
INSERT INTO `iiht`.`category` (`id`,`userid`,`category`,`created`,`updated`) VALUES (113,9,'Yoga','2018-07-19 19:01:07','2018-07-19 19:01:07');
INSERT INTO `iiht`.`category` (`id`,`userid`,`category`,`created`,`updated`) VALUES (114,9,'Walking','2018-07-19 19:01:07','2018-07-19 19:01:07');
INSERT INTO `iiht`.`category` (`id`,`userid`,`category`,`created`,`updated`) VALUES (115,9,'Jogging','2018-07-19 19:01:07','2018-07-19 19:01:07');
INSERT INTO `iiht`.`category` (`id`,`userid`,`category`,`created`,`updated`) VALUES (116,9,'Sprinting','2018-07-19 19:01:07','2018-07-19 19:01:07');
INSERT INTO `iiht`.`category` (`id`,`userid`,`category`,`created`,`updated`) VALUES (117,9,'Swimming','2018-07-19 19:01:07','2018-07-19 19:01:07');
INSERT INTO `iiht`.`category` (`id`,`userid`,`category`,`created`,`updated`) VALUES (118,9,'Marathon','2018-07-19 19:01:07','2018-07-19 19:01:07');
INSERT INTO `iiht`.`category` (`id`,`userid`,`category`,`created`,`updated`) VALUES (119,9,'Cycling','2018-07-19 19:01:07','2018-07-19 19:01:07');
INSERT INTO `iiht`.`category` (`id`,`userid`,`category`,`created`,`updated`) VALUES (120,9,'Rafting','2018-07-19 19:01:07','2018-07-19 19:01:07');
INSERT INTO `iiht`.`category` (`id`,`userid`,`category`,`created`,`updated`) VALUES (121,9,'Push-up','2018-07-19 19:01:07','2018-07-19 19:01:07');
INSERT INTO `iiht`.`category` (`id`,`userid`,`category`,`created`,`updated`) VALUES (122,9,'Crunches','2018-07-19 19:01:07','2018-07-19 19:01:07');
INSERT INTO `iiht`.`category` (`id`,`userid`,`category`,`created`,`updated`) VALUES (123,9,'Supermans','2018-07-19 19:01:07','2018-07-19 19:01:07');
INSERT INTO `iiht`.`category` (`id`,`userid`,`category`,`created`,`updated`) VALUES (124,9,'Squatting','2018-07-19 19:01:07','2018-07-19 19:01:07');
INSERT INTO `iiht`.`category` (`id`,`userid`,`category`,`created`,`updated`) VALUES (125,9,'Lunges','2018-07-19 19:01:07','2018-07-19 19:01:07');
INSERT INTO `iiht`.`category` (`id`,`userid`,`category`,`created`,`updated`) VALUES (126,9,'Sit-up','2018-07-19 19:01:07','2018-07-19 19:01:07');
COMMIT;

INSERT INTO `iiht`.`workout` values(1,1,1,'10 minutes of Yoga','Sample Notes',0.1,NULL,NULL,'2018-07-19 19:01:07','2018-07-19 19:01:07',NULL);
INSERT INTO `iiht`.`workout` values(2,1,2,'10 minutes of Walking','Sample Notes',0.2,NULL,NULL,'2018-07-19 19:01','2018-07-19 19:01',NULL);
INSERT INTO `iiht`.`workout` values(3,1,3,'10 minutes of Jogging','Sample Notes',0.3,NULL,NULL,'2018-07-19 19:01','2018-07-19 19:01',NULL);
INSERT INTO `iiht`.`workout` values(4,1,4,'10 minutes of Sprinting','Sample Notes',0.4,NULL,NULL,'2018-07-19 19:01','2018-07-19 19:01',NULL);
INSERT INTO `iiht`.`workout` values(5,1,5,'10 minutes of Swimming','Sample Notes',0.5,NULL,NULL,'2018-07-19 19:01','2018-07-19 19:01',NULL);
INSERT INTO `iiht`.`workout` values(6,1,6,'10 minutes of Marathon','Sample Notes',0.6,NULL,NULL,'2018-07-19 19:01','2018-07-19 19:01',NULL);
INSERT INTO `iiht`.`workout` values(7,1,7,'10 minutes of Cycling','Sample Notes',0.7,NULL,NULL,'2018-07-19 19:01','2018-07-19 19:01',NULL);
INSERT INTO `iiht`.`workout` values(8,1,8,'10 minutes of Rafting','Sample Notes',0.8,NULL,NULL,'2018-07-19 19:01','2018-07-19 19:01',NULL);
INSERT INTO `iiht`.`workout` values(9,1,9,'10 minutes of Push-up','Sample Notes',0.9,NULL,NULL,'2018-07-19 19:01','2018-07-19 19:01',NULL);
INSERT INTO `iiht`.`workout` values(10,1,10,'10 minutes of Crunches','Sample Notes',1,NULL,NULL,'2018-07-19 19:01','2018-07-19 19:01',NULL);
INSERT INTO `iiht`.`workout` values(11,1,11,'10 minutes of Supermans','Sample Notes',1.1,NULL,NULL,'2018-07-19 19:01','2018-07-19 19:01',NULL);
INSERT INTO `iiht`.`workout` values(12,1,12,'10 minutes of Squatting','Sample Notes',1.2,NULL,NULL,'2018-07-19 19:01','2018-07-19 19:01',NULL);
INSERT INTO `iiht`.`workout` values(13,1,13,'10 minutes of Lunges','Sample Notes',1.3,NULL,NULL,'2018-07-19 19:01','2018-07-19 19:01',NULL);
INSERT INTO `iiht`.`workout` values(14,1,14,'10 minutes of Sit-up','Sample Notes',1.4,NULL,NULL,'2018-07-19 19:01','2018-07-19 19:01',NULL);
INSERT INTO `iiht`.`workout` values(15,2,15,'11 minutes of Yoga','Sample Notes',1.5,NULL,NULL,'2018-07-19 19:01','2018-07-19 19:01',NULL);
INSERT INTO `iiht`.`workout` values(16,2,16,'11 minutes of Walking','Sample Notes',1.6,NULL,NULL,'2018-07-19 19:01','2018-07-19 19:01',NULL);
INSERT INTO `iiht`.`workout` values(17,2,17,'11 minutes of Jogging','Sample Notes',1.7,NULL,NULL,'2018-07-19 19:01','2018-07-19 19:01',NULL);
INSERT INTO `iiht`.`workout` values(18,2,18,'11 minutes of Sprinting','Sample Notes',1.8,NULL,NULL,'2018-07-19 19:01','2018-07-19 19:01',NULL);
INSERT INTO `iiht`.`workout` values(19,2,19,'11 minutes of Swimming','Sample Notes',1.9,NULL,NULL,'2018-07-19 19:01','2018-07-19 19:01',NULL);
INSERT INTO `iiht`.`workout` values(20,2,20,'11 minutes of Marathon','Sample Notes',2,NULL,NULL,'2018-07-19 19:01','2018-07-19 19:01',NULL);
INSERT INTO `iiht`.`workout` values(21,2,21,'11 minutes of Cycling','Sample Notes',2.1,NULL,NULL,'2018-07-19 19:01','2018-07-19 19:01',NULL);
INSERT INTO `iiht`.`workout` values(22,2,22,'11 minutes of Rafting','Sample Notes',2.2,NULL,NULL,'2018-07-19 19:01','2018-07-19 19:01',NULL);
INSERT INTO `iiht`.`workout` values(23,2,23,'11 minutes of Push-up','Sample Notes',2.3,NULL,NULL,'2018-07-19 19:01','2018-07-19 19:01',NULL);
INSERT INTO `iiht`.`workout` values(24,2,24,'11 minutes of Crunches','Sample Notes',2.4,NULL,NULL,'2018-07-19 19:01','2018-07-19 19:01',NULL);
INSERT INTO `iiht`.`workout` values(25,2,25,'11 minutes of Supermans','Sample Notes',2.5,NULL,NULL,'2018-07-19 19:01','2018-07-19 19:01',NULL);
INSERT INTO `iiht`.`workout` values(26,2,26,'11 minutes of Squatting','Sample Notes',2.6,NULL,NULL,'2018-07-19 19:01','2018-07-19 19:01',NULL);
INSERT INTO `iiht`.`workout` values(27,2,27,'11 minutes of Lunges','Sample Notes',2.7,NULL,NULL,'2018-07-19 19:01','2018-07-19 19:01',NULL);
INSERT INTO `iiht`.`workout` values(28,2,28,'11 minutes of Sit-up','Sample Notes',2.8,NULL,NULL,'2018-07-19 19:01','2018-07-19 19:01',NULL);
INSERT INTO `iiht`.`workout` values(29,3,29,'12 minutes of Yoga','Sample Notes',2.9,NULL,NULL,'2018-07-19 19:01','2018-07-19 19:01',NULL);
INSERT INTO `iiht`.`workout` values(30,3,30,'12 minutes of Walking','Sample Notes',3,NULL,NULL,'2018-07-19 19:01','2018-07-19 19:01',NULL);
INSERT INTO `iiht`.`workout` values(31,3,31,'12 minutes of Jogging','Sample Notes',3.1,NULL,NULL,'2018-07-19 19:01','2018-07-19 19:01',NULL);
INSERT INTO `iiht`.`workout` values(32,3,32,'12 minutes of Sprinting','Sample Notes',3.2,NULL,NULL,'2018-07-19 19:01','2018-07-19 19:01',NULL);
INSERT INTO `iiht`.`workout` values(33,3,33,'12 minutes of Swimming','Sample Notes',3.3,NULL,NULL,'2018-07-19 19:01','2018-07-19 19:01',NULL);
INSERT INTO `iiht`.`workout` values(34,3,34,'12 minutes of Marathon','Sample Notes',3.4,NULL,NULL,'2018-07-19 19:01','2018-07-19 19:01',NULL);
INSERT INTO `iiht`.`workout` values(35,3,35,'12 minutes of Cycling','Sample Notes',3.5,NULL,NULL,'2018-07-19 19:01','2018-07-19 19:01',NULL);
INSERT INTO `iiht`.`workout` values(36,3,36,'12 minutes of Rafting','Sample Notes',3.6,NULL,NULL,'2018-07-19 19:01','2018-07-19 19:01',NULL);
INSERT INTO `iiht`.`workout` values(37,3,37,'12 minutes of Push-up','Sample Notes',3.7,NULL,NULL,'2018-07-19 19:01','2018-07-19 19:01',NULL);
INSERT INTO `iiht`.`workout` values(38,3,38,'12 minutes of Crunches','Sample Notes',3.8,NULL,NULL,'2018-07-19 19:01','2018-07-19 19:01',NULL);
INSERT INTO `iiht`.`workout` values(39,3,39,'12 minutes of Supermans','Sample Notes',3.9,NULL,NULL,'2018-07-19 19:01','2018-07-19 19:01',NULL);
INSERT INTO `iiht`.`workout` values(40,3,40,'12 minutes of Squatting','Sample Notes',4,NULL,NULL,'2018-07-19 19:01','2018-07-19 19:01',NULL);
INSERT INTO `iiht`.`workout` values(41,3,41,'12 minutes of Lunges','Sample Notes',4.1,NULL,NULL,'2018-07-19 19:01','2018-07-19 19:01',NULL);
INSERT INTO `iiht`.`workout` values(42,3,42,'12 minutes of Sit-up','Sample Notes',4.2,NULL,NULL,'2018-07-19 19:01','2018-07-19 19:01',NULL);
INSERT INTO `iiht`.`workout` values(43,4,43,'13 minutes of Yoga','Sample Notes',4.3,NULL,NULL,'2018-07-19 19:01','2018-07-19 19:01',NULL);
INSERT INTO `iiht`.`workout` values(44,4,44,'13 minutes of Walking','Sample Notes',4.4,NULL,NULL,'2018-07-19 19:01','2018-07-19 19:01',NULL);
INSERT INTO `iiht`.`workout` values(45,4,45,'13 minutes of Jogging','Sample Notes',4.5,NULL,NULL,'2018-07-19 19:01','2018-07-19 19:01',NULL);
INSERT INTO `iiht`.`workout` values(46,4,46,'13 minutes of Sprinting','Sample Notes',4.6,NULL,NULL,'2018-07-19 19:01','2018-07-19 19:01',NULL);
INSERT INTO `iiht`.`workout` values(47,4,47,'13 minutes of Swimming','Sample Notes',4.7,NULL,NULL,'2018-07-19 19:01','2018-07-19 19:01',NULL);
INSERT INTO `iiht`.`workout` values(48,4,48,'13 minutes of Marathon','Sample Notes',4.8,NULL,NULL,'2018-07-19 19:01','2018-07-19 19:01',NULL);
INSERT INTO `iiht`.`workout` values(49,4,49,'13 minutes of Cycling','Sample Notes',4.9,NULL,NULL,'2018-07-19 19:01','2018-07-19 19:01',NULL);
INSERT INTO `iiht`.`workout` values(50,4,50,'13 minutes of Rafting','Sample Notes',5,NULL,NULL,'2018-07-19 19:01','2018-07-19 19:01',NULL);
INSERT INTO `iiht`.`workout` values(51,4,51,'13 minutes of Push-up','Sample Notes',5.1,NULL,NULL,'2018-07-19 19:01','2018-07-19 19:01',NULL);
INSERT INTO `iiht`.`workout` values(52,4,52,'13 minutes of Crunches','Sample Notes',5.2,NULL,NULL,'2018-07-19 19:01','2018-07-19 19:01',NULL);
INSERT INTO `iiht`.`workout` values(53,4,53,'13 minutes of Supermans','Sample Notes',5.3,NULL,NULL,'2018-07-19 19:01','2018-07-19 19:01',NULL);
INSERT INTO `iiht`.`workout` values(54,4,54,'13 minutes of Squatting','Sample Notes',5.4,NULL,NULL,'2018-07-19 19:01','2018-07-19 19:01',NULL);
INSERT INTO `iiht`.`workout` values(55,4,55,'13 minutes of Lunges','Sample Notes',5.5,NULL,NULL,'2018-07-19 19:01','2018-07-19 19:01',NULL);
INSERT INTO `iiht`.`workout` values(56,4,56,'13 minutes of Sit-up','Sample Notes',5.6,NULL,NULL,'2018-07-19 19:01','2018-07-19 19:01',NULL);
INSERT INTO `iiht`.`workout` values(57,5,57,'14 minutes of Yoga','Sample Notes',5.7,NULL,NULL,'2018-07-19 19:01','2018-07-19 19:01',NULL);
INSERT INTO `iiht`.`workout` values(58,5,58,'14 minutes of Walking','Sample Notes',5.8,NULL,NULL,'2018-07-19 19:01','2018-07-19 19:01',NULL);
INSERT INTO `iiht`.`workout` values(59,5,59,'14 minutes of Jogging','Sample Notes',5.9,NULL,NULL,'2018-07-19 19:01','2018-07-19 19:01',NULL);
INSERT INTO `iiht`.`workout` values(60,5,60,'14 minutes of Sprinting','Sample Notes',6,NULL,NULL,'2018-07-19 19:01','2018-07-19 19:01',NULL);
INSERT INTO `iiht`.`workout` values(61,5,61,'14 minutes of Swimming','Sample Notes',6.1,NULL,NULL,'2018-07-19 19:01','2018-07-19 19:01',NULL);
INSERT INTO `iiht`.`workout` values(62,5,62,'14 minutes of Marathon','Sample Notes',6.2,NULL,NULL,'2018-07-19 19:01','2018-07-19 19:01',NULL);
INSERT INTO `iiht`.`workout` values(63,5,63,'14 minutes of Cycling','Sample Notes',6.3,NULL,NULL,'2018-07-19 19:01','2018-07-19 19:01',NULL);
INSERT INTO `iiht`.`workout` values(64,5,64,'14 minutes of Rafting','Sample Notes',6.4,NULL,NULL,'2018-07-19 19:01','2018-07-19 19:01',NULL);
INSERT INTO `iiht`.`workout` values(65,5,65,'14 minutes of Push-up','Sample Notes',6.5,NULL,NULL,'2018-07-19 19:01','2018-07-19 19:01',NULL);
INSERT INTO `iiht`.`workout` values(66,5,66,'14 minutes of Crunches','Sample Notes',6.6,NULL,NULL,'2018-07-19 19:01','2018-07-19 19:01',NULL);
INSERT INTO `iiht`.`workout` values(67,5,67,'14 minutes of Supermans','Sample Notes',6.7,NULL,NULL,'2018-07-19 19:01','2018-07-19 19:01',NULL);
INSERT INTO `iiht`.`workout` values(68,5,68,'14 minutes of Squatting','Sample Notes',6.8,NULL,NULL,'2018-07-19 19:01','2018-07-19 19:01',NULL);
INSERT INTO `iiht`.`workout` values(69,5,69,'14 minutes of Lunges','Sample Notes',6.9,NULL,NULL,'2018-07-19 19:01','2018-07-19 19:01',NULL);
INSERT INTO `iiht`.`workout` values(70,5,70,'14 minutes of Sit-up','Sample Notes',7,NULL,NULL,'2018-07-19 19:01','2018-07-19 19:01',NULL);
INSERT INTO `iiht`.`workout` values(71,6,71,'15 minutes of Yoga','Sample Notes',7.1,NULL,NULL,'2018-07-19 19:01','2018-07-19 19:01',NULL);
INSERT INTO `iiht`.`workout` values(72,6,72,'15 minutes of Walking','Sample Notes',7.2,NULL,NULL,'2018-07-19 19:01','2018-07-19 19:01',NULL);
INSERT INTO `iiht`.`workout` values(73,6,73,'15 minutes of Jogging','Sample Notes',7.3,NULL,NULL,'2018-07-19 19:01','2018-07-19 19:01',NULL);
INSERT INTO `iiht`.`workout` values(74,6,74,'15 minutes of Sprinting','Sample Notes',7.4,NULL,NULL,'2018-07-19 19:01','2018-07-19 19:01',NULL);
INSERT INTO `iiht`.`workout` values(75,6,75,'15 minutes of Swimming','Sample Notes',7.5,NULL,NULL,'2018-07-19 19:01','2018-07-19 19:01',NULL);
INSERT INTO `iiht`.`workout` values(76,6,76,'15 minutes of Marathon','Sample Notes',7.6,NULL,NULL,'2018-07-19 19:01','2018-07-19 19:01',NULL);
INSERT INTO `iiht`.`workout` values(77,6,77,'15 minutes of Cycling','Sample Notes',7.7,NULL,NULL,'2018-07-19 19:01','2018-07-19 19:01',NULL);
INSERT INTO `iiht`.`workout` values(78,6,78,'15 minutes of Rafting','Sample Notes',7.8,NULL,NULL,'2018-07-19 19:01','2018-07-19 19:01',NULL);
INSERT INTO `iiht`.`workout` values(79,6,79,'15 minutes of Push-up','Sample Notes',7.9,NULL,NULL,'2018-07-19 19:01','2018-07-19 19:01',NULL);
INSERT INTO `iiht`.`workout` values(80,6,80,'15 minutes of Crunches','Sample Notes',8,NULL,NULL,'2018-07-19 19:01','2018-07-19 19:01',NULL);
INSERT INTO `iiht`.`workout` values(81,6,81,'15 minutes of Supermans','Sample Notes',8.1,NULL,NULL,'2018-07-19 19:01','2018-07-19 19:01',NULL);
INSERT INTO `iiht`.`workout` values(82,6,82,'15 minutes of Squatting','Sample Notes',8.2,NULL,NULL,'2018-07-19 19:01','2018-07-19 19:01',NULL);
INSERT INTO `iiht`.`workout` values(83,6,83,'15 minutes of Lunges','Sample Notes',8.3,NULL,NULL,'2018-07-19 19:01','2018-07-19 19:01',NULL);
INSERT INTO `iiht`.`workout` values(84,6,84,'15 minutes of Sit-up','Sample Notes',8.4,NULL,NULL,'2018-07-19 19:01','2018-07-19 19:01',NULL);
INSERT INTO `iiht`.`workout` values(85,7,85,'16 minutes of Yoga','Sample Notes',8.5,NULL,NULL,'2018-07-19 19:01','2018-07-19 19:01',NULL);
INSERT INTO `iiht`.`workout` values(86,7,86,'16 minutes of Walking','Sample Notes',8.6,NULL,NULL,'2018-07-19 19:01','2018-07-19 19:01',NULL);
INSERT INTO `iiht`.`workout` values(87,7,87,'16 minutes of Jogging','Sample Notes',8.7,NULL,NULL,'2018-07-19 19:01','2018-07-19 19:01',NULL);
INSERT INTO `iiht`.`workout` values(88,7,88,'16 minutes of Sprinting','Sample Notes',8.8,NULL,NULL,'2018-07-19 19:01','2018-07-19 19:01',NULL);
INSERT INTO `iiht`.`workout` values(89,7,89,'16 minutes of Swimming','Sample Notes',8.9,NULL,NULL,'2018-07-19 19:01','2018-07-19 19:01',NULL);
INSERT INTO `iiht`.`workout` values(90,7,90,'16 minutes of Marathon','Sample Notes',9,NULL,NULL,'2018-07-19 19:01','2018-07-19 19:01',NULL);
INSERT INTO `iiht`.`workout` values(91,7,91,'16 minutes of Cycling','Sample Notes',9.1,NULL,NULL,'2018-07-19 19:01','2018-07-19 19:01',NULL);
INSERT INTO `iiht`.`workout` values(92,7,92,'16 minutes of Rafting','Sample Notes',9.2,NULL,NULL,'2018-07-19 19:01','2018-07-19 19:01',NULL);
INSERT INTO `iiht`.`workout` values(93,7,93,'16 minutes of Push-up','Sample Notes',9.3,NULL,NULL,'2018-07-19 19:01','2018-07-19 19:01',NULL);
INSERT INTO `iiht`.`workout` values(94,7,94,'16 minutes of Crunches','Sample Notes',9.4,NULL,NULL,'2018-07-19 19:01','2018-07-19 19:01',NULL);
INSERT INTO `iiht`.`workout` values(95,7,95,'16 minutes of Supermans','Sample Notes',9.5,NULL,NULL,'2018-07-19 19:01','2018-07-19 19:01',NULL);
INSERT INTO `iiht`.`workout` values(96,7,96,'16 minutes of Squatting','Sample Notes',9.6,NULL,NULL,'2018-07-19 19:01','2018-07-19 19:01',NULL);
INSERT INTO `iiht`.`workout` values(97,7,97,'16 minutes of Lunges','Sample Notes',9.7,NULL,NULL,'2018-07-19 19:01','2018-07-19 19:01',NULL);
INSERT INTO `iiht`.`workout` values(98,7,98,'16 minutes of Sit-up','Sample Notes',9.8,NULL,NULL,'2018-07-19 19:01','2018-07-19 19:01',NULL);
INSERT INTO `iiht`.`workout` values(99,8,99,'17 minutes of Yoga','Sample Notes',9.9,NULL,NULL,'2018-07-19 19:01','2018-07-19 19:01',NULL);
INSERT INTO `iiht`.`workout` values(100,8,100,'17 minutes of Walking','Sample Notes',10,NULL,NULL,'2018-07-19 19:01','2018-07-19 19:01',NULL);
INSERT INTO `iiht`.`workout` values(101,8,101,'17 minutes of Jogging','Sample Notes',10.1,NULL,NULL,'2018-07-19 19:01','2018-07-19 19:01',NULL);
INSERT INTO `iiht`.`workout` values(102,8,102,'17 minutes of Sprinting','Sample Notes',10.2,NULL,NULL,'2018-07-19 19:01','2018-07-19 19:01',NULL);
INSERT INTO `iiht`.`workout` values(103,8,103,'17 minutes of Swimming','Sample Notes',10.3,NULL,NULL,'2018-07-19 19:01','2018-07-19 19:01',NULL);
INSERT INTO `iiht`.`workout` values(104,8,104,'17 minutes of Marathon','Sample Notes',10.4,NULL,NULL,'2018-07-19 19:01','2018-07-19 19:01',NULL);
INSERT INTO `iiht`.`workout` values(105,8,105,'17 minutes of Cycling','Sample Notes',10.5,NULL,NULL,'2018-07-19 19:01','2018-07-19 19:01',NULL);
INSERT INTO `iiht`.`workout` values(106,8,106,'17 minutes of Rafting','Sample Notes',10.6,NULL,NULL,'2018-07-19 19:01','2018-07-19 19:01',NULL);
INSERT INTO `iiht`.`workout` values(107,8,107,'17 minutes of Push-up','Sample Notes',10.7,NULL,NULL,'2018-07-19 19:01','2018-07-19 19:01',NULL);
INSERT INTO `iiht`.`workout` values(108,8,108,'17 minutes of Crunches','Sample Notes',10.8,NULL,NULL,'2018-07-19 19:01','2018-07-19 19:01',NULL);
INSERT INTO `iiht`.`workout` values(109,8,109,'17 minutes of Supermans','Sample Notes',10.9,NULL,NULL,'2018-07-19 19:01','2018-07-19 19:01',NULL);
INSERT INTO `iiht`.`workout` values(110,8,110,'17 minutes of Squatting','Sample Notes',11,NULL,NULL,'2018-07-19 19:01','2018-07-19 19:01',NULL);
INSERT INTO `iiht`.`workout` values(111,8,111,'17 minutes of Lunges','Sample Notes',11.1,NULL,NULL,'2018-07-19 19:01','2018-07-19 19:01',NULL);
INSERT INTO `iiht`.`workout` values(112,8,112,'17 minutes of Sit-up','Sample Notes',11.2,NULL,NULL,'2018-07-19 19:01','2018-07-19 19:01',NULL);
INSERT INTO `iiht`.`workout` values(113,9,113,'18 minutes of Yoga','Sample Notes',11.3,NULL,NULL,'2018-07-19 19:01','2018-07-19 19:01',NULL);
INSERT INTO `iiht`.`workout` values(114,9,114,'18 minutes of Walking','Sample Notes',11.4,NULL,NULL,'2018-07-19 19:01','2018-07-19 19:01',NULL);
INSERT INTO `iiht`.`workout` values(115,9,115,'18 minutes of Jogging','Sample Notes',11.5,NULL,NULL,'2018-07-19 19:01','2018-07-19 19:01',NULL);
INSERT INTO `iiht`.`workout` values(116,9,116,'18 minutes of Sprinting','Sample Notes',11.6,NULL,NULL,'2018-07-19 19:01','2018-07-19 19:01',NULL);
INSERT INTO `iiht`.`workout` values(117,9,117,'18 minutes of Swimming','Sample Notes',11.7,NULL,NULL,'2018-07-19 19:01','2018-07-19 19:01',NULL);
INSERT INTO `iiht`.`workout` values(118,9,118,'18 minutes of Marathon','Sample Notes',11.8,NULL,NULL,'2018-07-19 19:01','2018-07-19 19:01',NULL);
INSERT INTO `iiht`.`workout` values(119,9,119,'18 minutes of Cycling','Sample Notes',11.9,NULL,NULL,'2018-07-19 19:01','2018-07-19 19:01',NULL);
INSERT INTO `iiht`.`workout` values(120,9,120,'18 minutes of Rafting','Sample Notes',12,NULL,NULL,'2018-07-19 19:01','2018-07-19 19:01',NULL);
INSERT INTO `iiht`.`workout` values(121,9,121,'18 minutes of Push-up','Sample Notes',12.1,NULL,NULL,'2018-07-19 19:01','2018-07-19 19:01',NULL);
INSERT INTO `iiht`.`workout` values(122,9,122,'18 minutes of Crunches','Sample Notes',12.2,NULL,NULL,'2018-07-19 19:01','2018-07-19 19:01',NULL);
INSERT INTO `iiht`.`workout` values(123,9,123,'18 minutes of Supermans','Sample Notes',12.3,NULL,NULL,'2018-07-19 19:01','2018-07-19 19:01',NULL);
INSERT INTO `iiht`.`workout` values(124,9,124,'18 minutes of Squatting','Sample Notes',12.4,NULL,NULL,'2018-07-19 19:01','2018-07-19 19:01',NULL);
INSERT INTO `iiht`.`workout` values(125,9,125,'18 minutes of Lunges','Sample Notes',12.5,NULL,NULL,'2018-07-19 19:01','2018-07-19 19:01',NULL);
INSERT INTO `iiht`.`workout` values(126,9,126,'18 minutes of Sit-up','Sample Notes',12.6,NULL,NULL,'2018-07-19 19:01','2018-07-19 19:01',NULL);
COMMIT;

INSERT INTO `iiht`.`workout` values(127,1,1,'19 minutes of Yoga','Sample Notes',0.1,'2018-07-20 06:01','2018-07-20 07:01','2018-07-20 06:01','2018-07-20 07:01','2018-07-20 07:01');
INSERT INTO `iiht`.`workout` values(128,1,2,'19 minutes of Walking','Sample Notes',0.2,'2018-07-20 07:01','2018-07-20 08:01','2018-07-20 07:01','2018-07-20 08:01','2018-07-20 08:01');
INSERT INTO `iiht`.`workout` values(129,1,3,'19 minutes of Jogging','Sample Notes',0.3,'2018-07-20 08:01','2018-07-20 09:01','2018-07-20 08:01','2018-07-20 09:01','2018-07-20 09:01');
INSERT INTO `iiht`.`workout` values(130,1,4,'19 minutes of Sprinting','Sample Notes',0.4,'2018-07-20 09:01','2018-07-20 10:01','2018-07-20 09:01','2018-07-20 10:01','2018-07-20 10:01');
INSERT INTO `iiht`.`workout` values(131,1,5,'19 minutes of Swimming','Sample Notes',0.5,'2018-07-20 10:01','2018-07-20 11:01','2018-07-20 10:01','2018-07-20 11:01','2018-07-20 11:01');
INSERT INTO `iiht`.`workout` values(132,1,6,'19 minutes of Marathon','Sample Notes',0.6,'2018-07-20 11:01','2018-07-20 12:01','2018-07-20 11:01','2018-07-20 12:01','2018-07-20 12:01');
INSERT INTO `iiht`.`workout` values(133,1,7,'19 minutes of Cycling','Sample Notes',0.7,'2018-07-20 12:01','2018-07-20 13:01','2018-07-20 12:01','2018-07-20 13:01','2018-07-20 13:01');
INSERT INTO `iiht`.`workout` values(134,1,8,'19 minutes of Rafting','Sample Notes',0.8,'2018-07-20 13:01','2018-07-20 14:01','2018-07-20 13:01','2018-07-20 14:01','2018-07-20 14:01');
INSERT INTO `iiht`.`workout` values(135,1,9,'19 minutes of Push-up','Sample Notes',0.9,'2018-07-20 14:01','2018-07-20 15:01','2018-07-20 14:01','2018-07-20 15:01','2018-07-20 15:01');
INSERT INTO `iiht`.`workout` values(136,1,10,'19 minutes of Crunches','Sample Notes',1,'2018-07-20 15:01','2018-07-20 16:01','2018-07-20 15:01','2018-07-20 16:01','2018-07-20 16:01');
INSERT INTO `iiht`.`workout` values(137,1,11,'19 minutes of Supermans','Sample Notes',1.1,'2018-07-20 16:01','2018-07-20 17:01','2018-07-20 16:01','2018-07-20 17:01','2018-07-20 17:01');
INSERT INTO `iiht`.`workout` values(138,1,12,'19 minutes of Squatting','Sample Notes',1.2,'2018-07-20 17:01','2018-07-20 18:01','2018-07-20 17:01','2018-07-20 18:01','2018-07-20 18:01');
INSERT INTO `iiht`.`workout` values(139,1,13,'19 minutes of Lunges','Sample Notes',1.3,'2018-07-20 18:01','2018-07-20 19:01','2018-07-20 18:01','2018-07-20 19:01','2018-07-20 19:01');
INSERT INTO `iiht`.`workout` values(140,1,14,'19 minutes of Sit-up','Sample Notes',1.4,'2018-07-20 19:01','2018-07-20 20:01','2018-07-20 19:01','2018-07-20 20:01','2018-07-20 20:01');
INSERT INTO `iiht`.`workout` values(141,1,1,'20 minutes of Yoga','Sample Notes',0.1,'2018-07-21 06:01','2018-07-21 07:01','2018-07-21 06:01','2018-07-21 07:01',NULL);
INSERT INTO `iiht`.`workout` values(142,1,2,'20 minutes of Walking','Sample Notes',0.2,'2018-07-21 07:01','2018-07-21 08:01','2018-07-21 07:01','2018-07-21 08:01',NULL);
INSERT INTO `iiht`.`workout` values(143,1,3,'20 minutes of Jogging','Sample Notes',0.3,'2018-07-21 08:01','2018-07-21 09:01','2018-07-21 08:01','2018-07-21 09:01',NULL);
INSERT INTO `iiht`.`workout` values(144,1,4,'20 minutes of Sprinting','Sample Notes',0.4,'2018-07-21 09:01','2018-07-21 10:01','2018-07-21 09:01','2018-07-21 10:01',NULL);
INSERT INTO `iiht`.`workout` values(145,1,5,'20 minutes of Swimming','Sample Notes',0.5,'2018-07-21 10:01','2018-07-21 11:01','2018-07-21 10:01','2018-07-21 11:01',NULL);
INSERT INTO `iiht`.`workout` values(146,1,6,'20 minutes of Marathon','Sample Notes',0.6,'2018-07-21 11:01','2018-07-21 12:01','2018-07-21 11:01','2018-07-21 12:01',NULL);
INSERT INTO `iiht`.`workout` values(147,1,7,'20 minutes of Cycling','Sample Notes',0.7,'2018-07-21 12:01','2018-07-21 13:01','2018-07-21 12:01','2018-07-21 13:01',NULL);
INSERT INTO `iiht`.`workout` values(148,1,8,'20 minutes of Rafting','Sample Notes',0.8,'2018-07-21 13:01','2018-07-21 14:01','2018-07-21 13:01','2018-07-21 14:01',NULL);
INSERT INTO `iiht`.`workout` values(149,1,9,'20 minutes of Push-up','Sample Notes',0.9,'2018-07-21 14:01','2018-07-21 15:01','2018-07-21 14:01','2018-07-21 15:01',NULL);
INSERT INTO `iiht`.`workout` values(150,1,10,'20 minutes of Crunches','Sample Notes',1,'2018-07-21 15:01','2018-07-21 16:01','2018-07-21 15:01','2018-07-21 16:01',NULL);
INSERT INTO `iiht`.`workout` values(151,1,11,'20 minutes of Supermans','Sample Notes',1.1,'2018-07-21 16:01','2018-07-21 17:01','2018-07-21 16:01','2018-07-21 17:01',NULL);
INSERT INTO `iiht`.`workout` values(152,1,12,'20 minutes of Squatting','Sample Notes',1.2,'2018-07-21 17:01','2018-07-21 18:01','2018-07-21 17:01','2018-07-21 18:01',NULL);
INSERT INTO `iiht`.`workout` values(153,1,13,'20 minutes of Lunges','Sample Notes',1.3,'2018-07-21 18:01','2018-07-21 19:01','2018-07-21 18:01','2018-07-21 19:01',NULL);
INSERT INTO `iiht`.`workout` values(154,1,14,'20 minutes of Sit-up','Sample Notes',1.4,'2018-07-21 19:01','2018-07-21 20:01','2018-07-21 19:01','2018-07-21 20:01',NULL);
INSERT INTO `iiht`.`workout` values(155,1,1,'21 minutes of Yoga','Sample Notes',0.1,'2018-07-22 06:01','2018-07-22 07:01','2018-07-22 06:01','2018-07-22 07:01','2018-07-22 07:01');
INSERT INTO `iiht`.`workout` values(156,1,2,'21 minutes of Walking','Sample Notes',0.2,'2018-07-22 07:01','2018-07-22 08:01','2018-07-22 07:01','2018-07-22 08:01','2018-07-22 08:01');
INSERT INTO `iiht`.`workout` values(157,1,3,'21 minutes of Jogging','Sample Notes',0.3,'2018-07-22 08:01','2018-07-22 09:01','2018-07-22 08:01','2018-07-22 09:01','2018-07-22 09:01');
INSERT INTO `iiht`.`workout` values(158,1,4,'21 minutes of Sprinting','Sample Notes',0.4,'2018-07-22 09:01','2018-07-22 10:01','2018-07-22 09:01','2018-07-22 10:01','2018-07-22 10:01');
INSERT INTO `iiht`.`workout` values(159,1,5,'21 minutes of Swimming','Sample Notes',0.5,'2018-07-22 10:01','2018-07-22 11:01','2018-07-22 10:01','2018-07-22 11:01','2018-07-22 11:01');
INSERT INTO `iiht`.`workout` values(160,1,6,'21 minutes of Marathon','Sample Notes',0.6,'2018-07-22 11:01','2018-07-22 12:01','2018-07-22 11:01','2018-07-22 12:01','2018-07-22 12:01');
INSERT INTO `iiht`.`workout` values(161,1,7,'21 minutes of Cycling','Sample Notes',0.7,'2018-07-22 12:01','2018-07-22 13:01','2018-07-22 12:01','2018-07-22 13:01','2018-07-22 13:01');
INSERT INTO `iiht`.`workout` values(162,1,8,'21 minutes of Rafting','Sample Notes',0.8,'2018-07-22 13:01','2018-07-22 14:01','2018-07-22 13:01','2018-07-22 14:01','2018-07-22 14:01');
INSERT INTO `iiht`.`workout` values(163,1,9,'21 minutes of Push-up','Sample Notes',0.9,'2018-07-22 14:01','2018-07-22 15:01','2018-07-22 14:01','2018-07-22 15:01','2018-07-22 15:01');
INSERT INTO `iiht`.`workout` values(164,1,10,'21 minutes of Crunches','Sample Notes',1,'2018-07-22 15:01','2018-07-22 16:01','2018-07-22 15:01','2018-07-22 16:01','2018-07-22 16:01');
INSERT INTO `iiht`.`workout` values(165,1,11,'21 minutes of Supermans','Sample Notes',1.1,'2018-07-22 16:01','2018-07-22 17:01','2018-07-22 16:01','2018-07-22 17:01','2018-07-22 17:01');
INSERT INTO `iiht`.`workout` values(166,1,12,'21 minutes of Squatting','Sample Notes',1.2,'2018-07-22 17:01','2018-07-22 18:01','2018-07-22 17:01','2018-07-22 18:01','2018-07-22 18:01');
INSERT INTO `iiht`.`workout` values(167,1,13,'21 minutes of Lunges','Sample Notes',1.3,'2018-07-22 18:01','2018-07-22 19:01','2018-07-22 18:01','2018-07-22 19:01','2018-07-22 19:01');
INSERT INTO `iiht`.`workout` values(168,1,14,'21 minutes of Sit-up','Sample Notes',1.4,'2018-07-22 19:01','2018-07-22 20:01','2018-07-22 19:01','2018-07-22 20:01','2018-07-22 20:01');
INSERT INTO `iiht`.`workout` values(169,1,1,'22 minutes of Yoga','Sample Notes',0.1,'2018-07-23 06:01','2018-07-23 07:01','2018-07-23 06:01','2018-07-23 07:01',NULL);
INSERT INTO `iiht`.`workout` values(170,1,2,'22 minutes of Walking','Sample Notes',0.2,'2018-07-23 07:01','2018-07-23 08:01','2018-07-23 07:01','2018-07-23 08:01',NULL);
INSERT INTO `iiht`.`workout` values(171,1,3,'22 minutes of Jogging','Sample Notes',0.3,'2018-07-23 08:01','2018-07-23 09:01','2018-07-23 08:01','2018-07-23 09:01',NULL);
INSERT INTO `iiht`.`workout` values(172,1,4,'22 minutes of Sprinting','Sample Notes',0.4,'2018-07-23 09:01','2018-07-23 10:01','2018-07-23 09:01','2018-07-23 10:01',NULL);
INSERT INTO `iiht`.`workout` values(173,1,5,'22 minutes of Swimming','Sample Notes',0.5,'2018-07-23 10:01','2018-07-23 11:01','2018-07-23 10:01','2018-07-23 11:01',NULL);
INSERT INTO `iiht`.`workout` values(174,1,6,'22 minutes of Marathon','Sample Notes',0.6,'2018-07-23 11:01','2018-07-23 12:01','2018-07-23 11:01','2018-07-23 12:01',NULL);
INSERT INTO `iiht`.`workout` values(175,1,7,'22 minutes of Cycling','Sample Notes',0.7,'2018-07-23 12:01','2018-07-23 13:01','2018-07-23 12:01','2018-07-23 13:01',NULL);
INSERT INTO `iiht`.`workout` values(176,1,8,'22 minutes of Rafting','Sample Notes',0.8,'2018-07-23 13:01','2018-07-23 14:01','2018-07-23 13:01','2018-07-23 14:01',NULL);
INSERT INTO `iiht`.`workout` values(177,1,9,'22 minutes of Push-up','Sample Notes',0.9,'2018-07-23 14:01','2018-07-23 15:01','2018-07-23 14:01','2018-07-23 15:01',NULL);
INSERT INTO `iiht`.`workout` values(178,1,10,'22 minutes of Crunches','Sample Notes',1,'2018-07-23 15:01','2018-07-23 16:01','2018-07-23 15:01','2018-07-23 16:01',NULL);
INSERT INTO `iiht`.`workout` values(179,1,11,'22 minutes of Supermans','Sample Notes',1.1,'2018-07-23 16:01','2018-07-23 17:01','2018-07-23 16:01','2018-07-23 17:01',NULL);
INSERT INTO `iiht`.`workout` values(180,1,12,'22 minutes of Squatting','Sample Notes',1.2,'2018-07-23 17:01','2018-07-23 18:01','2018-07-23 17:01','2018-07-23 18:01',NULL);
INSERT INTO `iiht`.`workout` values(181,1,13,'22 minutes of Lunges','Sample Notes',1.3,'2018-07-23 18:01','2018-07-23 19:01','2018-07-23 18:01','2018-07-23 19:01',NULL);
INSERT INTO `iiht`.`workout` values(182,1,14,'22 minutes of Sit-up','Sample Notes',1.4,'2018-07-23 19:01','2018-07-23 20:01','2018-07-23 19:01','2018-07-23 20:01',NULL);
INSERT INTO `iiht`.`workout` values(183,1,1,'25 minutes of Yoga','Sample Notes',0.1,'2018-07-24 06:01','2018-07-24 07:01','2018-07-24 06:01','2018-07-24 07:01','2018-07-24 07:01');
INSERT INTO `iiht`.`workout` values(184,1,2,'25 minutes of Walking','Sample Notes',0.2,'2018-07-24 07:01','2018-07-24 08:01','2018-07-24 07:01','2018-07-24 08:01','2018-07-24 08:01');
INSERT INTO `iiht`.`workout` values(185,1,3,'25 minutes of Jogging','Sample Notes',0.3,'2018-07-24 08:01','2018-07-24 09:01','2018-07-24 08:01','2018-07-24 09:01','2018-07-24 09:01');
INSERT INTO `iiht`.`workout` values(186,1,4,'25 minutes of Sprinting','Sample Notes',0.4,'2018-07-24 09:01','2018-07-24 10:01','2018-07-24 09:01','2018-07-24 10:01','2018-07-24 10:01');
INSERT INTO `iiht`.`workout` values(187,1,5,'25 minutes of Swimming','Sample Notes',0.5,'2018-07-24 10:01','2018-07-24 11:01','2018-07-24 10:01','2018-07-24 11:01','2018-07-24 11:01');
INSERT INTO `iiht`.`workout` values(188,1,6,'25 minutes of Marathon','Sample Notes',0.6,'2018-07-24 11:01','2018-07-24 12:01','2018-07-24 11:01','2018-07-24 12:01','2018-07-24 12:01');
INSERT INTO `iiht`.`workout` values(189,1,7,'25 minutes of Cycling','Sample Notes',0.7,'2018-07-24 12:01','2018-07-24 13:01','2018-07-24 12:01','2018-07-24 13:01','2018-07-24 13:01');
INSERT INTO `iiht`.`workout` values(190,1,8,'25 minutes of Rafting','Sample Notes',0.8,'2018-07-24 13:01','2018-07-24 14:01','2018-07-24 13:01','2018-07-24 14:01','2018-07-24 14:01');
INSERT INTO `iiht`.`workout` values(191,1,9,'25 minutes of Push-up','Sample Notes',0.9,'2018-07-24 14:01','2018-07-24 15:01','2018-07-24 14:01','2018-07-24 15:01','2018-07-24 15:01');
INSERT INTO `iiht`.`workout` values(192,1,10,'25 minutes of Crunches','Sample Notes',1,'2018-07-24 15:01','2018-07-24 16:01','2018-07-24 15:01','2018-07-24 16:01','2018-07-24 16:01');
INSERT INTO `iiht`.`workout` values(193,1,11,'25 minutes of Supermans','Sample Notes',1.1,'2018-07-24 16:01','2018-07-24 17:01','2018-07-24 16:01','2018-07-24 17:01','2018-07-24 17:01');
INSERT INTO `iiht`.`workout` values(194,1,12,'25 minutes of Squatting','Sample Notes',1.2,'2018-07-24 17:01','2018-07-24 18:01','2018-07-24 17:01','2018-07-24 18:01','2018-07-24 18:01');
INSERT INTO `iiht`.`workout` values(195,1,13,'25 minutes of Lunges','Sample Notes',1.3,'2018-07-24 18:01','2018-07-24 19:01','2018-07-24 18:01','2018-07-24 19:01','2018-07-24 19:01');
INSERT INTO `iiht`.`workout` values(196,1,14,'25 minutes of Sit-up','Sample Notes',1.4,'2018-07-24 19:01','2018-07-24 20:01','2018-07-24 19:01','2018-07-24 20:01','2018-07-24 20:01');
INSERT INTO `iiht`.`workout` values(197,1,1,'26 minutes of Yoga','Sample Notes',0.1,'2018-07-25 06:01','2018-07-25 07:01','2018-07-25 06:01','2018-07-25 07:01',NULL);
INSERT INTO `iiht`.`workout` values(198,1,2,'26 minutes of Walking','Sample Notes',0.2,'2018-07-25 07:01','2018-07-25 08:01','2018-07-25 07:01','2018-07-25 08:01',NULL);
INSERT INTO `iiht`.`workout` values(199,1,3,'26 minutes of Jogging','Sample Notes',0.3,'2018-07-25 08:01','2018-07-25 09:01','2018-07-25 08:01','2018-07-25 09:01',NULL);
INSERT INTO `iiht`.`workout` values(200,1,4,'26 minutes of Sprinting','Sample Notes',0.4,'2018-07-25 09:01','2018-07-25 10:01','2018-07-25 09:01','2018-07-25 10:01',NULL);
INSERT INTO `iiht`.`workout` values(201,1,5,'26 minutes of Swimming','Sample Notes',0.5,'2018-07-25 10:01','2018-07-25 11:01','2018-07-25 10:01','2018-07-25 11:01',NULL);
INSERT INTO `iiht`.`workout` values(202,1,6,'26 minutes of Marathon','Sample Notes',0.6,'2018-07-25 11:01','2018-07-25 12:01','2018-07-25 11:01','2018-07-25 12:01',NULL);
INSERT INTO `iiht`.`workout` values(203,1,7,'26 minutes of Cycling','Sample Notes',0.7,'2018-07-25 12:01','2018-07-25 13:01','2018-07-25 12:01','2018-07-25 13:01',NULL);
INSERT INTO `iiht`.`workout` values(204,1,8,'26 minutes of Rafting','Sample Notes',0.8,'2018-07-25 13:01','2018-07-25 14:01','2018-07-25 13:01','2018-07-25 14:01',NULL);
INSERT INTO `iiht`.`workout` values(205,1,9,'26 minutes of Push-up','Sample Notes',0.9,'2018-07-25 14:01','2018-07-25 15:01','2018-07-25 14:01','2018-07-25 15:01',NULL);
INSERT INTO `iiht`.`workout` values(206,1,10,'26 minutes of Crunches','Sample Notes',1,'2018-07-25 15:01','2018-07-25 16:01','2018-07-25 15:01','2018-07-25 16:01',NULL);
INSERT INTO `iiht`.`workout` values(207,1,11,'26 minutes of Supermans','Sample Notes',1.1,'2018-07-25 16:01','2018-07-25 17:01','2018-07-25 16:01','2018-07-25 17:01',NULL);
INSERT INTO `iiht`.`workout` values(208,1,12,'26 minutes of Squatting','Sample Notes',1.2,'2018-07-25 17:01','2018-07-25 18:01','2018-07-25 17:01','2018-07-25 18:01',NULL);
INSERT INTO `iiht`.`workout` values(209,1,13,'26 minutes of Lunges','Sample Notes',1.3,'2018-07-25 18:01','2018-07-25 19:01','2018-07-25 18:01','2018-07-25 19:01',NULL);
INSERT INTO `iiht`.`workout` values(210,1,14,'26 minutes of Sit-up','Sample Notes',1.4,'2018-07-25 19:01','2018-07-25 20:01','2018-07-25 19:01','2018-07-25 20:01',NULL);
INSERT INTO `iiht`.`workout` values(211,1,1,'27 minutes of Yoga','Sample Notes',0.1,'2018-07-26 06:01','2018-07-26 07:01','2018-07-26 06:01','2018-07-26 07:01','2018-07-26 07:01');
INSERT INTO `iiht`.`workout` values(212,1,2,'27 minutes of Walking','Sample Notes',0.2,'2018-07-26 07:01','2018-07-26 08:01','2018-07-26 07:01','2018-07-26 08:01','2018-07-26 08:01');
INSERT INTO `iiht`.`workout` values(213,1,3,'27 minutes of Jogging','Sample Notes',0.3,'2018-07-26 08:01','2018-07-26 09:01','2018-07-26 08:01','2018-07-26 09:01','2018-07-26 09:01');
INSERT INTO `iiht`.`workout` values(214,1,4,'27 minutes of Sprinting','Sample Notes',0.4,'2018-07-26 09:01','2018-07-26 10:01','2018-07-26 09:01','2018-07-26 10:01','2018-07-26 10:01');
INSERT INTO `iiht`.`workout` values(215,1,5,'27 minutes of Swimming','Sample Notes',0.5,'2018-07-26 10:01','2018-07-26 11:01','2018-07-26 10:01','2018-07-26 11:01','2018-07-26 11:01');
INSERT INTO `iiht`.`workout` values(216,1,6,'27 minutes of Marathon','Sample Notes',0.6,'2018-07-26 11:01','2018-07-26 12:01','2018-07-26 11:01','2018-07-26 12:01','2018-07-26 12:01');
INSERT INTO `iiht`.`workout` values(217,1,7,'27 minutes of Cycling','Sample Notes',0.7,'2018-07-26 12:01','2018-07-26 13:01','2018-07-26 12:01','2018-07-26 13:01','2018-07-26 13:01');
INSERT INTO `iiht`.`workout` values(218,1,8,'27 minutes of Rafting','Sample Notes',0.8,'2018-07-26 13:01','2018-07-26 14:01','2018-07-26 13:01','2018-07-26 14:01','2018-07-26 14:01');
INSERT INTO `iiht`.`workout` values(219,1,9,'27 minutes of Push-up','Sample Notes',0.9,'2018-07-26 14:01','2018-07-26 15:01','2018-07-26 14:01','2018-07-26 15:01','2018-07-26 15:01');
INSERT INTO `iiht`.`workout` values(220,1,10,'27 minutes of Crunches','Sample Notes',1,'2018-07-26 15:01','2018-07-26 16:01','2018-07-26 15:01','2018-07-26 16:01','2018-07-26 16:01');
INSERT INTO `iiht`.`workout` values(221,1,11,'27 minutes of Supermans','Sample Notes',1.1,'2018-07-26 16:01','2018-07-26 17:01','2018-07-26 16:01','2018-07-26 17:01','2018-07-26 17:01');
INSERT INTO `iiht`.`workout` values(222,1,12,'27 minutes of Squatting','Sample Notes',1.2,'2018-07-26 17:01','2018-07-26 18:01','2018-07-26 17:01','2018-07-26 18:01','2018-07-26 18:01');
INSERT INTO `iiht`.`workout` values(223,1,13,'27 minutes of Lunges','Sample Notes',1.3,'2018-07-26 18:01','2018-07-26 19:01','2018-07-26 18:01','2018-07-26 19:01','2018-07-26 19:01');
INSERT INTO `iiht`.`workout` values(224,1,14,'27 minutes of Sit-up','Sample Notes',1.4,'2018-07-26 19:01','2018-07-26 20:01','2018-07-26 19:01','2018-07-26 20:01','2018-07-26 20:01');
INSERT INTO `iiht`.`workout` values(225,1,1,'28 minutes of Yoga','Sample Notes',0.1,'2018-07-27 06:01','2018-07-27 07:01','2018-07-27 06:01','2018-07-27 07:01',NULL);
INSERT INTO `iiht`.`workout` values(226,1,2,'28 minutes of Walking','Sample Notes',0.2,'2018-07-27 07:01','2018-07-27 08:01','2018-07-27 07:01','2018-07-27 08:01',NULL);
INSERT INTO `iiht`.`workout` values(227,1,3,'28 minutes of Jogging','Sample Notes',0.3,'2018-07-27 08:01','2018-07-27 09:01','2018-07-27 08:01','2018-07-27 09:01',NULL);
INSERT INTO `iiht`.`workout` values(228,1,4,'28 minutes of Sprinting','Sample Notes',0.4,'2018-07-27 09:01','2018-07-27 10:01','2018-07-27 09:01','2018-07-27 10:01',NULL);
INSERT INTO `iiht`.`workout` values(229,1,5,'28 minutes of Swimming','Sample Notes',0.5,'2018-07-27 10:01','2018-07-27 11:01','2018-07-27 10:01','2018-07-27 11:01',NULL);
INSERT INTO `iiht`.`workout` values(230,1,6,'28 minutes of Marathon','Sample Notes',0.6,'2018-07-27 11:01','2018-07-27 12:01','2018-07-27 11:01','2018-07-27 12:01',NULL);
INSERT INTO `iiht`.`workout` values(231,1,7,'28 minutes of Cycling','Sample Notes',0.7,'2018-07-27 12:01','2018-07-27 13:01','2018-07-27 12:01','2018-07-27 13:01',NULL);
INSERT INTO `iiht`.`workout` values(232,1,8,'28 minutes of Rafting','Sample Notes',0.8,'2018-07-27 13:01','2018-07-27 14:01','2018-07-27 13:01','2018-07-27 14:01',NULL);
INSERT INTO `iiht`.`workout` values(233,1,9,'28 minutes of Push-up','Sample Notes',0.9,'2018-07-27 14:01','2018-07-27 15:01','2018-07-27 14:01','2018-07-27 15:01',NULL);
INSERT INTO `iiht`.`workout` values(234,1,10,'28 minutes of Crunches','Sample Notes',1,'2018-07-27 15:01','2018-07-27 16:01','2018-07-27 15:01','2018-07-27 16:01',NULL);
INSERT INTO `iiht`.`workout` values(235,1,11,'28 minutes of Supermans','Sample Notes',1.1,'2018-07-27 16:01','2018-07-27 17:01','2018-07-27 16:01','2018-07-27 17:01',NULL);
INSERT INTO `iiht`.`workout` values(236,1,12,'28 minutes of Squatting','Sample Notes',1.2,'2018-07-27 17:01','2018-07-27 18:01','2018-07-27 17:01','2018-07-27 18:01',NULL);
INSERT INTO `iiht`.`workout` values(237,1,13,'28 minutes of Lunges','Sample Notes',1.3,'2018-07-27 18:01','2018-07-27 19:01','2018-07-27 18:01','2018-07-27 19:01',NULL);
INSERT INTO `iiht`.`workout` values(238,1,14,'28 minutes of Sit-up','Sample Notes',1.4,'2018-07-27 19:01','2018-07-27 20:01','2018-07-27 19:01','2018-07-27 20:01',NULL);
INSERT INTO `iiht`.`workout` values(239,1,1,'29 minutes of Yoga','Sample Notes',0.1,'2018-07-28 06:01','2018-07-28 07:01','2018-07-28 06:01','2018-07-28 07:01','2018-07-28 07:01');
INSERT INTO `iiht`.`workout` values(240,1,2,'29 minutes of Walking','Sample Notes',0.2,'2018-07-28 07:01','2018-07-28 08:01','2018-07-28 07:01','2018-07-28 08:01','2018-07-28 08:01');
INSERT INTO `iiht`.`workout` values(241,1,3,'29 minutes of Jogging','Sample Notes',0.3,'2018-07-28 08:01','2018-07-28 09:01','2018-07-28 08:01','2018-07-28 09:01','2018-07-28 09:01');
INSERT INTO `iiht`.`workout` values(242,1,4,'29 minutes of Sprinting','Sample Notes',0.4,'2018-07-28 09:01','2018-07-28 10:01','2018-07-28 09:01','2018-07-28 10:01','2018-07-28 10:01');
INSERT INTO `iiht`.`workout` values(243,1,5,'29 minutes of Swimming','Sample Notes',0.5,'2018-07-28 10:01','2018-07-28 11:01','2018-07-28 10:01','2018-07-28 11:01','2018-07-28 11:01');
INSERT INTO `iiht`.`workout` values(244,1,6,'29 minutes of Marathon','Sample Notes',0.6,'2018-07-28 11:01','2018-07-28 12:01','2018-07-28 11:01','2018-07-28 12:01','2018-07-28 12:01');
INSERT INTO `iiht`.`workout` values(245,1,7,'29 minutes of Cycling','Sample Notes',0.7,'2018-07-28 12:01','2018-07-28 13:01','2018-07-28 12:01','2018-07-28 13:01','2018-07-28 13:01');
INSERT INTO `iiht`.`workout` values(246,1,8,'29 minutes of Rafting','Sample Notes',0.8,'2018-07-28 13:01','2018-07-28 14:01','2018-07-28 13:01','2018-07-28 14:01','2018-07-28 14:01');
INSERT INTO `iiht`.`workout` values(247,1,9,'29 minutes of Push-up','Sample Notes',0.9,'2018-07-28 14:01','2018-07-28 15:01','2018-07-28 14:01','2018-07-28 15:01','2018-07-28 15:01');
INSERT INTO `iiht`.`workout` values(248,1,10,'29 minutes of Crunches','Sample Notes',1,'2018-07-28 15:01','2018-07-28 16:01','2018-07-28 15:01','2018-07-28 16:01','2018-07-28 16:01');
INSERT INTO `iiht`.`workout` values(249,1,11,'29 minutes of Supermans','Sample Notes',1.1,'2018-07-28 16:01','2018-07-28 17:01','2018-07-28 16:01','2018-07-28 17:01','2018-07-28 17:01');
INSERT INTO `iiht`.`workout` values(250,1,12,'29 minutes of Squatting','Sample Notes',1.2,'2018-07-28 17:01','2018-07-28 18:01','2018-07-28 17:01','2018-07-28 18:01','2018-07-28 18:01');
INSERT INTO `iiht`.`workout` values(251,1,13,'29 minutes of Lunges','Sample Notes',1.3,'2018-07-28 18:01','2018-07-28 19:01','2018-07-28 18:01','2018-07-28 19:01','2018-07-28 19:01');
INSERT INTO `iiht`.`workout` values(252,1,14,'29 minutes of Sit-up','Sample Notes',1.4,'2018-07-28 19:01','2018-07-28 20:01','2018-07-28 19:01','2018-07-28 20:01','2018-07-28 20:01');
COMMIT;
